﻿Market,Links
South Africa,https://app.powerbi.com/groups/4aa67d24-8cf9-4f45-a4a1-baea83f49617/reports/402647fa-32d4-4b37-ad92-088090d6584d/ReportSection1e1941241ca3050743c8
Chile,https://app.powerbi.com/groups/a36d885c-bb53-45e2-a55b-5652ba4dc6d9/reports/fee69cab-3ffd-4ec1-bbea-d75354443735/ReportSection204030dd50b1bdd1be68
EU DACH,https://app.powerbi.com/groups/fcc03fd8-bdcc-438c-8587-33138957ab76/reports/47d831b2-7b81-4ce9-a05a-603e278c33aa/ReportSectionac10c1107250027ee689?q=usag
EU NORDIC,https://app.powerbi.com/groups/9940a599-2b17-4089-a6e8-92f997739b80/reports/4bbaa27c-8c66-431b-a0ca-223866e33812/ReportSectiond45fd3a4b25ac5379f89?q=usag
ANZ,https://app.powerbi.com/groups/0c2a5013-72b0-4b98-b01f-9a0da47e55cc/reports/05d1e5f0-4f5e-4fb0-9415-9b1a72818ebc/ReportSection2274a94015d8d57aac6b?q=usa
North America,https://app.powerbi.com/groups/5be6a8e3-57e1-419f-9b22-b3dec380b7a9/reports/2f6c43ca-30fb-4cfa-9e7a-78fa7146656f/ReportSection6bed82dea430a1640440?q=usa
LEAP&TOS,https://app.powerbi.com/groups/a6c057bb-7a89-4341-95df-64d506c207ad/reports/81dd4b9b-3520-402c-9c9f-9e1897613054/ReportSection3875a60e740ebee21844
