﻿Open up LINKS-WK file,,Rules
 open new Chrome tab,,Run every 24 hours/or Monday-Friday (8am in the respective country)
"One by one select and open each link (START of for loop, for each country (independantly) link….)",,All data is saved with Excel file containing no duplicates
Automatically put in login details,,Initally 7 Excel files for each CDLW market+ Leap&Tos (more when files are full)
"click three dots, then export underlying data",,"Append to previous days file, until file too large then create a new one "
If data file already exists (eg SA data) AND under 1.1mil rows then append to this.,,Make files easy to understand eg  'SA: DDMMYYYY to DDMMYYYY'
"If file >1.1mil rows, then create a new file",,PowerBI has the email/ dashboard/distribution method exclusions
Remove duplicate rows (as 89 days is repeated),,Can also choose to remove row duplicates in PowerBI to be cautious
Rename file with current date(?),,
"Open PBI desktop, relevant countries report",,
get data'- excel file,,
open up excel file- transform data,,
change to column names: ReportPage to Dashboard and UserPrincipleName to Email,,
Save changes and load to report ,,
delete new table from model in powerbi service (END of for loop?),,
publish to Service and replace current ,,
